TDB企業コード,企業名,所在地,TDB産業大分類,決算期年,決算期月,従業員数,資産合計,流動資産,当座資産,現金.預金,売掛金,棚卸資産,その他流動資産,固定資産,有形固定資産,負債純資産合計,負債合計,流動負債,支払手形,短期借入金,長期借入金,純資産合計,株主資本,利益剰余金,営業収益,営業費用,売上原価,売上総利益,販売費及び一般管理費,役員報酬,給料手当,役員賞与,賞与,減価償却費,営業利益,営業外費用,経常利益,税引前当期純利益,当期純利益,ops
582029029,ｅＢＡＳＥ　株式会社,27127_大阪府大阪市北区,L_サービス業,2012,3,71,1279811,924034,753136,488297,255394,4459,168902,355777,10316,1279811,135628,135628,NA,NA,NA,1144182,1142323,837469,937921,766853,176202,761718,590651,101166,254113,NA,NA,1806,171067,578,217718,217718,130020,18.2389756055954
580512262,株式会社　アルトナー,27127_大阪府大阪市北区,L_サービス業,2012,1,558,1359348,1162987,1103785,714096,389689,5682,56317,196361,99838,1359348,626801,347357,NA,NA,212087,732547,732413,328409,3693337,3485392,2592310,1101027,893082,80288,316767,NA,NA,15497,207944,9029,210791,200225,196962,5.63024711798571
250284060,クラスターテクノロジー　株式会社,27227_大阪府東大阪市,F_製造業,2012,3,68,2035814,1425574,1315294,1165813,129844,106595,3681,610240,603999,2035814,145482,135315,NA,NA,2290,1890332,1890332,-744370,1018955,948204,600044,418910,348160,63304,65154,NA,NA,6369,70749,246,81830,81858,78414,6.94329675333725
580149707,アサヒ衛陶　株式会社,27147_大阪府堺市美原区,F_製造業,2012,11,68,2131357,1453205,1054707,452361,373885,283649,116746,678151,525643,2131357,724325,354344,21115,50000,274675,1407031,1402214,-190076,3184613,3035512,1977592,1207021,1057920,NA,281498,NA,41379,30299,149100,22304,165181,162604,202244,4.68188756373223
582350299,株式会社　リニカル,27123_大阪府大阪市淀川区,L_サービス業,2012,3,202,2231925,1781741,1649505,804251,744391,NA,132234,450183,47548,2231925,1072958,595556,NA,NA,77500,1158967,1158967,1161083,3110236,2370590,1756234,1354002,614356,258980,83910,NA,43313,3952,739645,5384,734489,734489,435175,23.7809928249818
581357455,株式会社　アイル,27127_大阪府大阪市北区,L_サービス業,2012,7,338,2314649,1385612,1056720,415847,618422,227242,105196,929037,77713,2314649,1166594,818559,NA,NA,120000,1148054,1153317,658280,4352301,4144736,2522557,1829743,1622179,123035,773169,NA,118292,16785,207564,3219,234336,231806,113836,4.76906463249316
581928358,夢の街創造委員会　株式会社,27128_大阪府大阪市中央区,L_サービス業,2012,8,62,2368320,860494,774605,625806,148799,NA,97011,1507826,10749,2368320,159205,159205,NA,NA,NA,2209115,2260390,721162,1359706,1136929,396591,963114,740338,50222,203841,NA,NA,11528,222776,63,231900,230645,126284,16.3841421484807
580376859,カーディナル　株式会社,27118_大阪府大阪市城東区,F_製造業,2012,3,85,2434825,1148135,1033402,602990,235294,106334,12700,1286690,863999,2434825,541315,288380,135997,10000,102551,1893510,2078147,1697324,1270860,1141347,841018,429841,300329,52356,82132,NA,NA,18010,129512,3683,133175,124873,63781,10.1909023739062
581978181,株式会社　きちり,27128_大阪府大阪市中央区,G_卸・小売業，飲食店,2012,6,177,2741072,709584,500139,424406,75733,36408,175050,2031488,1184545,2741072,1721422,1154102,NA,NA,411583,1019650,1015830,340342,5777161,5333114,1480304,4296857,3852810,55410,501321,NA,NA,266277,444047,13109,503931,490795,257967,7.68624935327231
580583498,株式会社　アスモ,27125_大阪府大阪市住之江区,G_卸・小売業，飲食店,2012,3,454,2759816,1655665,1268573,468499,797955,129670,257890,1104151,947683,2759816,1466616,1443509,NA,626208,NA,1293200,1293200,-3412068,6732805,5995374,5035036,1697768,960338,77175,401099,NA,NA,14427,737429,28531,716021,714889,938936,10.9527768816677
581302260,株式会社　情報企画,27128_大阪府大阪市中央区,L_サービス業,2012,9,113,3044361,2784533,2709926,2448155,261771,33815,40789,259828,78230,3044361,734068,529823,NA,NA,NA,2310292,2310292,1673983,1549452,1311390,788233,761218,523157,116622,119780,NA,NA,3207,238061,NA,241737,241701,124055,15.364216099767
581939745,株式会社　フュートレック,27123_大阪府大阪市淀川区,L_サービス業,2012,3,53,3100302,2203328,2123092,757900,565192,35507,46422,896973,43182,3100302,356031,355878,NA,NA,NA,2744270,2755570,1194169,1967381,1505588,858167,1109214,647421,123395,104782,NA,21451,14142,461792,1003,470040,469892,278020,23.4724234909252
581609712,株式会社　エーアイテイー,27128_大阪府大阪市中央区,J_運輸・通信業,2012,2,174,3159573,2616388,2328509,1844905,482148,NA,291951,543184,37815,3159573,885056,763100,NA,NA,NA,2274516,2275112,1850310,12121538,11201843,9597679,2523859,1604164,98133,705431,NA,NA,15473,919694,80605,879545,872759,492975,7.58727151620529
581319024,株式会社　大和コンピューター,27207_大阪府高槻市,L_サービス業,2012,7,165,3203208,1424266,1326625,1049048,277577,33155,66013,1778942,1345731,3203208,1026714,532099,NA,NA,297125,2176493,2153706,1542009,1745666,1557842,1146843,598823,410999,76240,74565,NA,NA,12320,187823,8385,196380,199427,101033,10.7593892531561
581514833,株式会社　エスティック,27209_大阪府守口市,F_製造業,2012,3,61,3242394,2461217,1903821,904895,735916,507122,69699,781177,519718,3242394,455244,369337,NA,NA,NA,2787150,2785805,1806740,2477634,1985730,1550091,927543,435639,55643,98552,NA,NA,9737,491903,2215,503163,504542,285408,19.8537394950182
581176208,株式会社　翻訳センター,27128_大阪府大阪市中央区,L_サービス業,2012,3,216,3302485,2706186,2541293,1680446,836216,56267,108893,596299,45364,3302485,1064797,914990,NA,NA,NA,2237687,2238732,1171466,5113565,4707591,2916812,2196753,1790779,106500,705120,NA,85565,53856,405974,100,410380,409894,206764,7.93915790647034
580953089,株式会社　クイック,27127_大阪府大阪市北区,L_サービス業,2012,3,251,3484401,2052665,1841836,1305844,488350,NA,211426,1431735,286790,3484401,1428927,1312199,NA,172000,82686,2055474,2046613,1457272,4511366,4039726,1564345,2947020,2475381,73050,1118725,NA,58471,52282,471639,8053,587370,585324,372274,10.4544633387013
580629981,株式会社　ＯＳＧコーポレーション,27127_大阪府大阪市北区,G_卸・小売業，飲食店,2012,1,231,3533882,1397286,1201785,427325,576725,126027,75348,2136596,1152837,3533882,1719841,1143957,227187,190000,166707,1814040,1816373,720547,4390451,4091329,1652702,2737750,2438627,52200,888143,NA,122726,44333,299122,25561,297058,272437,156734,6.81301150769898
580511621,サンセイ　株式会社,27123_大阪府大阪市淀川区,F_製造業,2012,3,162,4648692,1710029,1554345,396768,941448,68907,126735,2938662,2232988,4648692,2611123,1436745,369461,28250,825000,2037568,2035628,1042305,3975997,3579822,2996828,979169,582994,70636,208942,NA,30639,5302,396175,52636,397652,397638,231383,9.96416747799357
570232668,株式会社　誠建設工業,27142_大阪府堺市中区,I_不動産業,2012,3,38,4782004,3694397,1524115,1229010,NA,2122320,56262,1087607,658606,4782004,2351551,1481384,94228,314000,512167,2430453,2470709,1574149,5156433,4766860,4382076,774357,384784,31992,75221,NA,NA,18143,389572,51525,367344,350113,193765,7.55506762135763
580251522,ミヤコ　株式会社,27127_大阪府大阪市北区,G_卸・小売業，飲食店,2012,3,99,4846803,3978769,3209512,1048324,800069,714351,56004,868033,453873,4846803,2280281,1961478,683452,200000,242816,2566521,2552614,3834160,6108766,5558996,4286737,1822028,1272259,87200,346494,NA,56758,14497,549769,35936,583424,583202,319817,8.99967505706964
570240365,株式会社　ハウスフリーダム,27217_大阪府松原市,I_不動産業,2012,12,102,4862638,2926076,1225049,1219034,6015,1563741,137284,1914760,239607,4862638,3364718,2131776,NA,924812,336215,1497920,1481258,979936,5306884,5090298,4020537,1286346,1069761,88401,381483,NA,25993,13882,216584,121394,357501,357390,247817,4.08119040875783
581368047,株式会社　エフアンドエム,27205_大阪府吹田市,L_サービス業,2012,3,332,4989335,2522679,2430446,2306684,123762,15640,97548,2466655,1731949,4989335,1170002,709529,NA,NA,405200,3819333,3815797,1093901,3745327,3303734,1242263,2503064,2061471,80520,761690,NA,121414,48940,441592,12403,442458,441828,249110,11.7904791757836
580161265,前田金属工業　株式会社,27111_大阪府大阪市浪速区,F_製造業,2012,5,133,5084131,2629811,1365652,188963,797353,1255793,13631,2454320,1476919,5084131,3233226,2028759,480627,850000,746368,1850905,1882399,1517259,3872252,3487325,2441483,1430769,1045842,90000,483043,NA,NA,20959,384926,18061,401448,279439,264358,9.94062369907744
580165863,株式会社　ＯＤＫソリューションズ,27128_大阪府大阪市中央区,L_サービス業,2012,3,111,5244990,2159270,1891685,1174526,717159,13532,258225,3085719,273671,5244990,1366766,681372,NA,NA,NA,3878223,3880045,2707945,3768990,3349922,2681885,1087105,668037,129368,206775,NA,NA,16966,419067,8004,480734,470475,241297,11.1188143242619
580308518,株式会社　ＣＤＧ,27127_大阪府大阪市北区,L_サービス業,2012,3,145,5299421,4607266,4429940,2027905,2329101,77286,100995,692155,83809,5299421,2314684,2094290,790491,NA,NA,2984737,2976312,2628092,10373315,9558085,7684413,2688902,1873672,119110,621177,NA,141822,22687,815229,2086,826707,826639,542878,7.85890527762822
580996489,内外トランスライン　株式会社,27128_大阪府大阪市中央区,J_運輸・通信業,2012,12,190,5403243,2977693,2848935,1973106,377861,NA,128949,2425549,399413,5403243,1020764,836389,NA,NA,NA,4382478,4378107,3932667,9022130,8376287,6303122,2719007,2073165,160454,1092900,NA,NA,NA,645841,19755,910796,757545,438007,7.1584101712578
581529021,日本駐車場開発　株式会社,27127_大阪府大阪市北区,L_サービス業,2012,7,258,5803593,3010713,2521549,2387899,133650,1357,487897,2792879,497513,5803593,3142813,2106565,NA,NA,484900,2660780,2637804,2254294,8440852,6758654,5161792,3279060,1596862,76923,565348,NA,NA,53093,1682197,280001,1784033,1779151,1032005,19.9292322623356
580025011,株式会社　ロブテックス,27227_大阪府東大阪市,F_製造業,2012,3,83,6247790,3210993,2066317,1215199,728785,873069,271632,3036796,2084012,6247790,4208466,2649445,NA,1436668,1490119,2039323,1987331,684732,4041779,3821667,2699860,1341918,1121807,81937,354267,NA,73816,56148,220111,119561,273852,283200,202743,5.4458953460581
570058144,株式会社　カワサキ,27340_大阪府泉北郡,G_卸・小売業，飲食店,2012,8,65,6842286,1418520,531629,397212,125920,632184,254763,5423765,5143812,6842286,3429204,2592219,NA,1450000,512100,3413082,3416476,2665906,1932889,1648315,982993,949895,665322,75470,308329,NA,NA,28024,284573,56402,232503,232542,105275,14.7226843976475
530087105,株式会社　日住サービス,27127_大阪府大阪市北区,I_不動産業,2012,12,336,7200362,2725024,2438760,2091639,NA,212293,78245,4468740,2935585,7200362,3591994,2644126,NA,1500000,NA,3608368,3608927,1774448,5956346,5684454,2389918,3566427,3294536,69130,1480965,NA,NA,44173,271891,33092,269551,268600,242080,4.56472887315963
570018990,株式会社　ダイサン,27128_大阪府大阪市中央区,L_サービス業,2012,4,318,7235093,4727131,3492994,1857282,929361,1114112,138039,2507962,1771107,7235093,2259537,1509542,283570,NA,NA,4975556,4910149,3708492,7735171,7154892,5795951,1939219,1358941,70686,431690,NA,82862,51837,580278,28557,580759,578886,397114,7.5018131469638
580533791,株式会社　サイネックス,27128_大阪府大阪市中央区,F_製造業,2012,3,694,7245841,3434535,3028671,2320360,426010,295400,148620,3811306,1554137,7245841,3405374,2334085,NA,350000,NA,3840467,3846917,2822051,7541040,6990016,2231441,5309598,4758575,NA,1958419,NA,NA,143552,551022,22416,585633,580589,276249,7.3069771950523
580286706,ＩＭＶ　株式会社,27113_大阪府大阪市西淀川区,F_製造業,2012,9,140,7325945,4328011,3033625,947303,1187141,1130560,165123,2997934,2740827,7325945,4720713,4088130,956912,1530000,353142,2605232,2598698,1685646,5902655,5220452,3785261,2117393,1435191,126135,264031,NA,84588,24895,682202,34068,694598,689161,419041,11.5575468255466
580032992,クリヤマホールディングス　株式会社,27123_大阪府大阪市淀川区,H_金融・保険業,2012,12,8,7431412,874533,858667,858130,537,NA,15867,6556878,1329673,7431412,3255296,1362817,NA,NA,1833380,4176115,4048138,2547081,13919423,13201846,10740831,3178592,2461015,83688,769308,NA,255682,85596,717576,92571,801231,490840,347188,5.15521368953296
587209020,タビオ　株式会社,27111_大阪府大阪市浪速区,G_卸・小売業，飲食店,2012,2,194,7677237,4099254,3341946,2519902,797354,555180,237847,3577983,1495820,7677237,3019361,2373304,NA,NA,225110,4657876,4657876,4151616,15103631,14380930,6867595,8236035,7513335,140112,2012333,8850,NA,344381,722700,36475,773889,626728,289885,4.7849424277475
580233239,大研医器　株式会社,27128_大阪府大阪市中央区,F_製造業,2012,3,127,7814535,5119505,3873610,1656488,1192602,1053228,194253,2695030,2396588,7814535,3414459,2454083,486624,450000,866227,4400075,4397678,3613834,6515255,5500674,3354879,3160375,2145795,236402,476900,NA,NA,28335,1014580,13996,1014504,1002240,404108,15.5723782986818
580608748,マルシェ　株式会社,27119_大阪府大阪市阿倍野区,G_卸・小売業，飲食店,2012,3,279,7937804,3412252,2977348,2386411,590937,98486,336435,4525551,3079800,7937804,2891972,2007872,56181,NA,NA,5045832,5019054,2044300,13035309,12503426,5309860,7725448,7193566,47220,2721316,NA,76872,317559,531882,17093,562532,308140,305509,4.0803178567012
580653298,株式会社　タクミナ,27128_大阪府大阪市中央区,F_製造業,2012,3,233,8025818,4614876,3945419,811402,1972697,509575,163074,3410941,2085468,8025818,3968939,2385134,978811,180000,673610,4056878,3995345,2489003,6808657,6168143,3990328,2818329,2177815,148945,620452,NA,105264,40532,640513,46562,617653,569281,288847,9.40733245925004
580006043,日本パレットプール　株式会社,27127_大阪府大阪市北区,L_サービス業,2012,3,96,8545177,1164608,1052396,315733,705267,2353,111125,7380569,6985210,8545177,5266326,3485232,NA,1280000,1606330,3278851,3294379,2057152,5621818,5247443,4358452,1263362,888991,60334,363315,NA,NA,69931,374370,54033,423382,405699,203379,6.65923845933003
570005294,株式会社　スーパーツール,27142_大阪府堺市中区,F_製造業,2012,3,97,8809628,3514175,1753336,1179422,481222,1700995,64478,5295453,4755580,8809628,3453284,1441149,199389,260000,640566,5356344,3497874,1771783,4366451,3775276,2838681,1527769,936595,100046,260324,NA,32747,25505,591174,147013,458279,373226,186537,13.5390076606855
580005805,株式会社　加地テック,27147_大阪府堺市美原区,F_製造業,2012,3,194,9021124,7750497,2326721,520474,1228489,2133458,3321814,1270626,921964,9021124,3690875,3062645,779423,200000,NA,5330249,5328659,2788514,5208479,4753225,3807008,1401471,946217,74710,294604,NA,NA,24471,455254,6423,473453,473453,229606,8.74063234199466
580386238,オカダアイヨン　株式会社,27107_大阪府大阪市港区,F_製造業,2012,3,132,9028162,6493439,4947807,1603123,1697783,1270057,284375,2534722,1718997,9028162,5217370,4696140,1039028,2350000,163619,3810791,3805400,1880831,7940347,7575247,5935924,2004423,1639323,71393,494376,NA,67153,43400,365099,42621,399865,387041,326108,4.59802323500472
500050221,アルメタックス　株式会社,27127_大阪府大阪市北区,F_製造業,2012,3,434,9387751,4970142,4331601,2297972,808169,461512,178751,4417609,3328054,9387751,1818117,1535851,542660,NA,NA,7569634,7610977,3069111,10645657,10145401,8340521,2305136,1804880,156210,511590,NA,NA,12610,500255,11920,539579,539371,302532,4.69914632793448
570223435,株式会社　ユークス,27141_大阪府堺市堺区,L_サービス業,2012,1,182,9658106,8998804,8244146,7176147,1067999,600036,154618,659301,87547,9658106,7123758,7021317,NA,6530000,NA,2534347,2537108,2186443,3522267,2943713,2195836,1326430,747877,132240,100724,NA,NA,10934,578552,433915,166364,639874,656644,16.4255624078363
580002231,株式会社　タナベ経営,27123_大阪府大阪市淀川区,L_サービス業,2012,3,276,10410683,4585533,4344259,2261194,507697,54468,191960,5825149,3335007,10410683,1814387,1119840,NA,NA,NA,8596295,8690728,4554946,6709251,6207950,3692053,3017198,2515897,209940,827821,NA,NA,102625,501300,1980,550896,542718,260895,7.47177292964595
580038771,株式会社　ミューチュアル,27127_大阪府大阪市北区,G_卸・小売業，飲食店,2012,3,112,10458488,7979489,4830385,982479,2756854,1714725,1434783,2478998,482476,10458488,3794098,3558521,1639541,NA,NA,6664390,6439212,5423919,7827701,7484650,6243295,1584405,1241355,164491,351605,NA,36027,12560,343049,3359,392889,324647,153483,4.38250060681937
580323864,株式会社　ソフトウェア・サービス,27123_大阪府大阪市淀川区,L_サービス業,2012,10,643,10615450,7022427,6470107,5520183,949924,285779,273539,3593022,3326839,10615450,1857765,1857765,NA,NA,NA,8757684,8747282,7137542,10586421,8160157,7390877,3195544,769280,55200,304576,NA,NA,18930,2426263,262,2438154,2437865,1398159,22.9186332189132
570020291,株式会社　ニッカトー,27141_大阪府堺市堺区,F_製造業,2012,3,259,11037618,6050489,4300411,1505524,1827913,1616390,140582,4987128,3679035,11037618,2776703,2248963,NA,400000,272288,8260914,8390595,6010342,8132248,7211509,6045759,2086488,1165750,66090,419762,NA,77014,35789,920738,19155,941750,816129,462687,11.3220614179574
581915341,さくらインターネット　株式会社,27128_大阪府大阪市中央区,J_運輸・通信業,2012,3,186,11141020,3199043,2471031,2082754,388277,273263,475098,7941977,7053016,11141020,8402421,3986286,NA,130000,3201717,2738598,2738598,1843082,9164627,8291001,6651621,2513006,1639380,98340,422010,NA,NA,92687,873625,76345,808411,841049,556507,9.53257563019204
580906276,株式会社　ウィザス,27128_大阪府大阪市中央区,L_サービス業,2012,3,607,11675870,1956979,1468974,857710,8536,89342,420317,9718890,4287397,11675870,7647002,4550158,NA,400000,1016729,4028867,4546402,1873518,12545373,11969426,9846235,2699137,2123191,138162,246483,NA,NA,111636,575946,73640,633637,513319,203746,4.59090411986189
580482207,株式会社　ニイタカ,27123_大阪府大阪市淀川区,F_製造業,2012,5,202,11705113,4721793,3447039,867739,1748516,887841,390138,6983319,5541107,11705113,5390601,4063991,465991,650000,NA,6314511,6347518,5216882,11733659,11260599,7200163,4533495,4060436,138774,890757,NA,NA,220623,473059,19559,476768,468123,228698,4.03164128356221
580096819,大丸エナウィン　株式会社,27125_大阪府大阪市住之江区,G_卸・小売業，飲食店,2012,3,315,11937906,6825412,5820609,2832023,2285645,414683,605059,5112494,3782746,11937906,3790337,3364566,1019584,NA,NA,8147569,8121239,6137320,15584734,14762900,9986850,5597884,4776050,NA,907427,NA,303241,595529,821834,3170,873769,875853,465141,5.273327090472
580020740,大幸薬品　株式会社,27205_大阪府吹田市,F_製造業,2012,3,175,12121734,8378760,6735499,4275770,2453704,1393677,268081,3742973,2809029,12121734,3339813,2285503,120506,NA,NA,8781921,8718354,8496455,6407198,6066511,2359587,4047611,3706924,206675,689432,NA,NA,60382,340686,21779,449581,305226,372613,5.31723851830394
580182882,株式会社　ダイケン,27123_大阪府大阪市淀川区,F_製造業,2012,2,299,12723308,6764048,5532393,1529975,1956471,1104494,132756,5959259,4912415,12723308,2851594,2558787,449322,NA,NA,9871713,9846680,9168938,9987138,9386079,6608333,3378805,2777746,NA,960321,NA,NA,83282,601059,31651,607255,543323,353575,6.01833077704544
580907219,株式会社　日本トリム,27127_大阪府大阪市北区,G_卸・小売業，飲食店,2012,3,308,13224353,7078031,6761095,4093440,2646939,56722,260660,6146321,2674890,13224353,2358038,1447925,NA,NA,NA,10866314,10853615,9779852,9523341,7949832,2475798,7047543,5474034,116873,1345911,NA,159249,28208,1573508,32275,1675359,1655130,843673,16.5226468316109
580075855,株式会社　リヒトラブ,27128_大阪府大阪市中央区,F_製造業,2012,2,182,13244410,5849592,3177258,1472041,1336102,1725110,950799,7394817,6325515,13244410,5075603,3439126,73018,1580000,235000,8168806,8174021,5184004,8805573,8344200,5709005,3096568,2635195,84800,755284,NA,115829,107424,461372,148366,363958,263699,171079,5.23954545604244
580322007,株式会社　中西製作所,27116_大阪府大阪市生野区,F_製造業,2012,3,390,13496133,9418772,7982431,2839112,3993824,1252642,198448,4077361,3026643,13496133,5980782,4205799,728964,200000,580000,7515351,7985592,5005222,18335777,17594120,13848091,4487685,3746029,58380,1643828,NA,NA,51917,741655,21246,825108,822470,354931,4.04485198772062
580220830,ダイジヱツト工業　株式会社,27126_大阪府大阪市平野区,F_製造業,2012,3,452,13567618,7692364,4051732,1438537,1702342,3322775,329056,5875254,3993528,13567618,7981964,3968632,1097476,600000,1981587,5585653,5362050,580603,8947473,8372337,6321803,2625669,2050534,112062,618770,NA,NA,15638,575135,110912,539859,398992,580603,6.42790499931154
580021086,イサム塗料　株式会社,27103_大阪府大阪市福島区,F_製造業,2012,3,189,13636457,8046802,6851295,3703494,1070017,1106525,113289,5589655,1829305,13636457,3498690,2585440,NA,NA,NA,10137767,10099013,8256765,7548613,6821096,4973336,2575277,1847760,61830,573514,NA,157800,87759,727517,4706,960757,950898,491929,9.63775729395586
510218729,マルコ　株式会社,27128_大阪府大阪市中央区,G_卸・小売業，飲食店,2012,8,2257,13799490,5595031,4450260,4029679,420581,462684,682183,8204459,7344621,13799490,4735819,4344533,NA,900000,NA,9063670,9063405,5027729,16551192,15224955,7657556,8893635,7567399,115942,2584182,NA,NA,247801,1326236,23074,1374166,1070588,471287,8.01293393327405
581972786,株式会社　フジオフードシステム,27127_大阪府大阪市北区,G_卸・小売業，飲食店,2012,12,418,14172833,5375733,4312475,3992883,319592,93424,1018238,8750128,4526022,14172833,10729917,4852438,NA,NA,1729342,3442915,3474836,1193971,22597086,20798336,7484721,15112365,13313615,119283,5293048,NA,NA,817901,1798749,257680,1699044,1398528,703931,7.96009273054057
540169106,株式会社　イーエムシステムズ,27123_大阪府大阪市淀川区,L_サービス業,2012,3,408,15281792,3985322,3531778,1403811,1908223,90530,363201,11296469,1991254,15281792,8804471,3201459,NA,400000,4296000,6477320,6371346,3458751,8909191,8107325,4326343,4582847,3780982,179775,1551867,NA,195995,166506,801864,603072,1146177,916346,389236,9.00041417906678
580002394,中央自動車工業　株式会社,27127_大阪府大阪市北区,G_卸・小売業，飲食店,2012,3,219,15918251,11176418,10405009,7458588,1558758,358657,415498,4741833,1881249,15918251,3873058,2566146,311492,NA,NA,12045193,11844314,7330997,12875631,11299434,7801341,5074288,3498093,272094,1319020,NA,NA,123324,1576195,50309,1800574,2254575,1244575,12.2416932019399
580011212,株式会社　杉村倉庫,27107_大阪府大阪市港区,J_運輸・通信業,2012,3,74,16427843,2208600,2130683,369380,555611,NA,81597,14219243,11672083,16427843,9565610,2112268,NA,NA,5904406,6862232,6559613,1720152,6082301,5447021,4894592,1187708,552429,93960,128729,NA,NA,15929,635278,205269,506313,407074,206594,10.4447001956497
580000344,株式会社　テクノスマート,27128_大阪府大阪市中央区,F_製造業,2012,3,246,17123038,12622043,12130760,5051140,6670859,299650,191628,4500994,3285207,17123038,8129432,6693931,4231461,250000,308043,8993605,7906871,6496121,15356745,14059380,13365628,1991116,693752,NA,251935,NA,66971,3973,1297364,13520,1327535,1301456,707919,8.44817104459122
580594606,株式会社　船井総合研究所,27128_大阪府大阪市中央区,L_サービス業,2012,12,514,17304629,7087753,6766005,3432499,1020519,91276,284804,10216875,6515392,17304629,2848980,1995446,NA,100000,NA,14455648,14418975,10057158,8872452,6612545,5654457,3217994,958088,247834,314142,NA,NA,39522,2259906,106008,2233131,2205721,1318905,25.4710451486292
580079273,株式会社　アサヒペン,27124_大阪府大阪市鶴見区,F_製造業,2012,3,178,17647399,11161437,8151282,4537057,2246639,2339833,704789,6485962,3822879,17647399,6421848,3830635,169793,1200000,4e+05,11225550,11186414,1222068,12570590,11897828,7954587,4616003,3943241,NA,739477,NA,NA,152141,672762,409199,624899,444539,588280,5.35187290334026
580894246,株式会社　スタジオアリス,27127_大阪府大阪市北区,L_サービス業,2012,12,1246,19436131,8578278,6987945,6340604,647341,209713,1420615,10857853,5998783,19436131,6252841,4490639,NA,NA,NA,13183289,13183289,9251112,32945825,29796291,23852922,9092903,5943369,NA,916356,NA,NA,43384,3149533,32464,3167794,2729513,1126752,9.55973328942286
581492093,株式会社　あさひ,27102_大阪府大阪市都島区,G_卸・小売業，飲食店,2012,2,873,19928389,7883358,1997461,1341301,656160,5284984,602547,12045030,7510995,19928389,5625419,4796585,NA,NA,366672,14302969,14294207,10067949,35538635,31110334,17118269,18420366,13992065,NA,4341047,NA,NA,669277,4428301,45429,4496070,4264494,2409920,12.4605264102012
530009904,ジャパン・フード＆リカー・アライアンス　株式会社,27106_大阪府大阪市西区,H_金融・保険業,2012,9,22,20318000,3419000,1732000,1732000,NA,9000,1781000,16892000,512000,20318000,15986000,14855000,NA,13322000,1032000,4331000,4331000,-679000,1644000,1127000,168000,1475000,959000,96000,149000,NA,NA,54000,515000,514000,212000,-997000,-1137000,31.3451004260499
580422352,株式会社　瑞光,27224_大阪府摂津市,F_製造業,2012,2,202,20501967,13769497,11061019,4297432,6617316,2316365,394508,6732470,4589705,20501967,7314563,6854873,4053156,NA,NA,13187403,14154280,10109691,14238785,13136651,12117546,2121238,1019105,119474,196654,NA,NA,23287,1102133,27785,1132419,1138010,651513,7.74035900818497
580047814,株式会社　三社電機製作所,27114_大阪府大阪市東淀川区,F_製造業,2012,3,786,21662000,15241000,11121000,4040000,6472000,2946000,1185000,6420000,4769000,21662000,10582000,9159000,NA,1500000,8e+05,11079000,11081000,6631000,24049000,22813000,20040000,4008000,2773000,118000,1002000,NA,NA,271000,1235000,118000,1349000,1438000,991000,5.1355622089155
580003435,株式会社　ヨータイ,27208_大阪府貝塚市,F_製造業,2012,3,436,22148120,14534410,10513578,920494,8046752,3775518,247109,7613710,4116454,22148120,6278360,4821260,46691,550000,NA,15869760,15482165,11635249,21389539,19811709,17867374,3522165,1944335,167378,467452,NA,NA,8792,1577830,21272,1667734,1648384,935141,7.3766433208308
582121311,株式会社　トーア紡コーポレーション,27128_大阪府大阪市中央区,G_卸・小売業，飲食店,2012,12,51,23655000,2701000,1309000,736000,366000,282000,1128000,20953000,12507000,23655000,15780000,5436000,NA,3960000,4672000,7875000,7677000,186000,2955000,2640000,1836000,1119000,803000,51000,278000,NA,71000,46000,315000,321000,293000,284000,280000,10.6598984771574
580073931,燦ホールディングス　株式会社,27128_大阪府大阪市中央区,H_金融・保険業,2012,3,53,24006840,1081169,893131,893131,NA,1986,186050,22925670,17763916,24006840,4813905,1746860,NA,670000,1225500,19192935,19192935,12149307,4222921,3038201,1740093,2482828,1298108,259000,266176,NA,34985,59770,1184719,64786,1138054,806485,402161,28.054491192234
580026046,マルカキカイ　株式会社,27211_大阪府茨木市,G_卸・小売業，飲食店,2012,11,164,24060187,17441759,15453418,6309165,6627542,581773,1436549,6618428,3433098,24060187,12236702,11817663,790745,NA,NA,11823485,11445078,8942099,31629333,30239933,28199534,3429799,2040399,132972,855092,NA,NA,20282,1389399,50252,1728705,1682876,1037036,4.3927546622624
580509104,株式会社　ミルボン,27102_大阪府大阪市都島区,F_製造業,2012,12,480,24175752,10697885,8469401,5341340,2520680,2028337,235254,13477867,9414324,24175752,3206219,3020306,NA,NA,NA,20969532,21098896,18950811,21403889,17387978,7092154,14311735,10295824,NA,2698692,NA,NA,427838,4015910,371219,3761079,3609743,2153743,18.7625248850805
580364151,新コスモス電機　株式会社,27123_大阪府大阪市淀川区,F_製造業,2012,3,414,24181895,17975290,14574915,8206437,3986146,3142382,551333,6206604,3270651,24181895,5661573,4551915,300280,NA,NA,18520321,18423914,16315208,18474766,17115234,11894637,6580128,5220597,179810,1587927,NA,NA,67788,1359531,11265,1422029,1384916,821734,7.3588540909722
580045373,株式会社　中北製作所,27218_大阪府大東市,F_製造業,2012,5,360,24791678,17837233,12983972,4624099,6604286,4056162,836564,6954444,3681759,24791678,6432416,4352179,204820,NA,1850000,18359261,18420728,15799744,20973288,19219757,17425708,3547579,1794049,NA,619993,NA,NA,30847,1753530,22689,1902845,1835505,1042813,8.36077816510116
530003811,日本精化　株式会社,27128_大阪府大阪市中央区,F_製造業,2012,3,264,25726721,9798067,5689593,2732077,2773592,3246238,862231,15928653,6300985,25726721,5062743,4494367,NA,NA,NA,20663978,20140735,8426053,9484557,8870262,7392797,2091759,1477465,76269,273370,NA,NA,43807,614294,24307,928158,922604,608428,6.47678183354076
580420859,エスアールジータカミヤ　株式会社,27127_大阪府大阪市北区,L_サービス業,2012,3,342,25979144,6739778,5739337,1845849,2910376,874942,254422,19239365,15297549,25979144,20621181,8522252,744984,300000,9677855,5357963,5221100,4047506,13904925,13226705,9274859,4630066,3951846,137370,1255662,NA,104890,262188,678220,318515,693595,695462,381093,4.87755237802433
580293756,コンドーテック　株式会社,27106_大阪府大阪市西区,G_卸・小売業，飲食店,2012,3,556,26121244,15967426,13257139,2115342,4284831,2268373,468719,10153817,7298537,26121244,11113338,9654416,2278464,NA,NA,15007905,16161977,12236261,32362985,30474121,25168690,7194295,5305431,NA,1644196,NA,309233,169944,1888863,47336,1895430,1876526,1023308,5.83649190579917
580227115,アルインコ　株式会社,27128_大阪府大阪市中央区,L_サービス業,2012,3,611,26419465,17247720,11729750,3176222,5440776,4914475,631591,9171744,5085064,26419465,13059839,9792432,3780166,850000,2750015,13359625,13247026,4931204,31322727,29159118,21814214,9508513,7344904,NA,2302430,NA,NA,101120,2163608,248277,2133282,2062199,1165406,6.90747009352027
580087186,大阪有機化学工業　株式会社,27128_大阪府大阪市中央区,F_製造業,2012,11,378,27206952,13021043,9621201,3191754,5015651,3039345,366137,14185909,9829198,27206952,6013278,4694934,NA,30000,198000,21193674,20949950,13672567,18811002,17932084,14820671,3990330,3111413,140032,515412,NA,158694,92671,878917,29208,1004406,1028539,602633,4.67235635147752
581668571,株式会社　メガチップス,27123_大阪府大阪市淀川区,G_卸・小売業，飲食店,2012,3,277,27804391,23630748,21061064,5424387,15604485,1696133,874640,4173642,83830,27804391,4170617,4131592,NA,NA,NA,23633773,23507552,12598716,35366733,32329051,28687521,6679212,3641530,259100,542968,NA,NA,25813,3037680,76240,3151637,3191907,1925671,8.58908850868414
580255110,株式会社　遠藤照明,27128_大阪府大阪市中央区,F_製造業,2012,3,462,28905000,16635000,7782000,1399000,5068000,6657000,2194000,12269000,6951000,28905000,20074000,15194000,727000,5850000,2418000,8831000,8824000,3368000,25693000,22168000,14903000,10790000,7265000,85000,2084000,NA,NA,269000,3524000,598000,3056000,3354000,1715000,13.7157980772973
500400070,エレコム　株式会社,27128_大阪府大阪市中央区,G_卸・小売業，飲食店,2012,3,417,29015484,23902431,15284106,7113335,7917970,6226269,2896151,5113052,1261998,29015484,15693902,13486803,NA,300000,1500000,13321582,13277896,12093065,58592403,52541595,39958278,18634125,12583317,NA,2379612,NA,NA,346660,6050807,717581,5849571,4371108,3241289,10.3269480174759
580082420,新晃工業　株式会社,27127_大阪府大阪市北区,G_卸・小売業，飲食店,2012,3,246,29053000,16532000,15995000,3967000,9595000,57000,515000,12520000,7312000,29053000,13506000,10469000,80000,2610000,1014000,15546000,16137000,5808000,19390000,17360000,13753000,5637000,3607000,NA,1316000,NA,NA,185000,2029000,101000,2239000,2431000,1662000,10.4641567818463
580006212,上村工業　株式会社,27128_大阪府大阪市中央区,F_製造業,2012,3,256,29312724,17225028,15945479,8459456,4179784,702665,577479,12087695,7072463,29312724,6323846,5507231,468520,400000,NA,22988877,22772458,22615731,25422726,22747396,18937630,6485096,3809766,149355,829940,NA,144086,202548,2675330,49756,3570259,3559488,2279937,10.5233797508576
580257713,オーエス　株式会社,27127_大阪府大阪市北区,I_不動産業,2012,1,65,29809950,2319783,1314649,1135226,173647,880606,129522,27463742,25954840,29809950,21680329,3513614,NA,100000,10275565,8129620,4738887,3963520,6238413,5749648,4984602,1253811,765046,420650,NA,NA,NA,31530,488764,217413,291053,226273,227470,7.83474899786212
580303057,扶桑化学工業　株式会社,27128_大阪府大阪市中央区,F_製造業,2012,3,395,30215122,13824560,7953294,2090654,4943793,4364888,1507015,16390561,10618386,30215122,12362214,6363101,39791,200000,4822050,17852907,17689930,14845227,21071507,18246564,13889018,7182489,4357546,128031,933556,NA,189644,344974,2824943,172418,2933079,2508477,1309264,13.4064592532466
580149387,日本精線　株式会社,27128_大阪府大阪市中央区,F_製造業,2012,3,555,30586000,17621000,12006000,5866000,3286000,5188000,422000,12965000,9340000,30586000,9768000,5797000,97000,NA,955000,20818000,20839000,10424000,31765000,29057000,26421000,5344000,2636000,155000,643000,NA,120000,115000,2708000,40000,2757000,2730000,1552000,8.52510624901621
580516074,株式会社　高松コンストラクショングループ,27123_大阪府大阪市淀川区,H_金融・保険業,2012,3,11,30795000,14577000,13042000,13022000,NA,1303000,231000,16217000,5968000,30795000,1316000,74000,NA,NA,NA,29478000,31260000,29575000,1784000,664000,222000,1561000,442000,134000,119000,NA,NA,10000,1119000,4000,1170000,1182000,1179000,62.7593942793045
581716098,株式会社　日本エスコン,27128_大阪府大阪市中央区,I_不動産業,2012,12,53,30805000,14709000,1951000,1913000,38000,12223000,531000,16093000,8050000,30805000,26592000,4912000,NA,570000,18944000,4212000,4203000,-4380000,8056000,7126000,5580000,2475000,1546000,102000,382000,NA,NA,43000,929000,454000,518000,402000,396000,11.5332091868405
570017508,ステラケミファ　株式会社,27128_大阪府大阪市中央区,F_製造業,2012,3,253,31137000,10451000,7232000,1627000,5182000,2799000,459000,20686000,17936000,31137000,15125000,9181000,621000,1500000,3451000,16012000,16032000,9565000,22081000,20512000,15157000,6924000,5355000,NA,264000,NA,NA,38000,1568000,743000,1208000,1089000,328000,7.10112766631946
580019266,ＩＤＥＣ　株式会社,27123_大阪府大阪市淀川区,F_製造業,2012,3,804,31555000,13374000,8898000,2764000,5610000,3689000,791000,18180000,13728000,31555000,11630000,9826000,469000,3100000,150000,19925000,19793000,6441000,25705000,24421000,15314000,10391000,9107000,NA,2364000,NA,533000,568000,1283000,77000,2160000,2213000,1516000,4.99124683913635
580276021,福島工業　株式会社,27113_大阪府大阪市西淀川区,F_製造業,2012,3,903,32094698,20678777,18469093,9378893,5724258,1703932,601651,11415921,6023652,32094698,11874375,10607549,831404,NA,314623,20220323,19745375,14449899,34193140,32107983,26597550,7595589,5510433,NA,1787005,NA,NA,96307,2085155,27401,2407961,2352259,1321312,6.09816782249796
580009662,タツタ電線　株式会社,27227_大阪府東大阪市,F_製造業,2012,3,414,32173000,23923000,14009000,334000,12268000,3986000,6112000,8249000,5905000,32173000,6814000,5346000,NA,529000,1e+06,25358000,25279000,15456000,43128000,39976000,35493000,7634000,4483000,203000,1240000,NA,NA,139000,3151000,143000,3245000,2978000,1895000,7.3063278224778
580104705,明星工業　株式会社,27106_大阪府大阪市西区,E_建設業,2012,3,321,32491000,19856000,17091000,5502000,NA,1292000,1682000,12635000,7932000,32491000,9307000,6511000,430000,1700000,775000,23184000,21797000,15653000,25556000,24236000,21602000,3954000,2634000,97000,1042000,NA,NA,14000,1319000,289000,1557000,1552000,1531000,5.16121458757239
580086410,日本ピラー工業　株式会社,27123_大阪府大阪市淀川区,F_製造業,2012,3,485,32645000,20032000,17458000,7591000,7473000,1906000,663000,12613000,8651000,32645000,8723000,6989000,67000,200000,265000,23922000,23430000,13415000,20709000,17675000,14321000,6387000,3354000,NA,986000,NA,NA,123000,3032000,75000,3122000,3135000,1825000,14.6416843731891
580035902,ＯＵＧホールディングス　株式会社,27103_大阪府大阪市福島区,H_金融・保険業,2012,3,34,33263000,5396000,25000,25000,NA,NA,5370000,27867000,3163000,33263000,17148000,8419000,NA,6480000,6412000,16114000,15740000,3183000,2032000,1373000,629000,1403000,744000,NA,422000,NA,22000,8000,658000,527000,258000,317000,-37000,32.3818897637795
570201699,株式会社　くらコーポレーション,27142_大阪府堺市中区,G_卸・小売業，飲食店,2012,10,979,33344613,6394780,4972339,4972339,NA,319211,1103226,26949833,17468296,33344613,13635897,8810281,NA,NA,6e+05,19708716,19708716,15369030,78971112,75189092,36165816,42805296,39023276,58274,19514477,NA,NA,2509309,3782020,125513,4070536,3831383,2067892,4.78911832975076
580124234,ホソカワミクロン　株式会社,27210_大阪府枚方市,F_製造業,2012,9,355,33861000,12533000,9897000,2831000,6003000,1666000,1005000,21328000,8080000,33861000,11547000,6436000,1381000,NA,3174000,22314000,22421000,4002000,15459000,13807000,9441000,6017000,4366000,112000,1508000,NA,NA,214000,1651000,78000,2111000,1431000,954000,10.6805537585716
580252261,エスペック　株式会社,27127_大阪府大阪市北区,F_製造業,2012,3,857,35366000,23180000,19381000,5647000,7733000,1420000,2375000,12185000,7157000,35366000,7522000,6117000,534000,NA,NA,27843000,28351000,14642000,24582000,23435000,16347000,8234000,7088000,NA,1859000,NA,NA,159000,1146000,30000,1608000,1592000,1736000,4.66213742321305
580013182,オーミケンシ　株式会社,27128_大阪府大阪市中央区,F_製造業,2012,3,235,35544000,5932000,2724000,1130000,1205000,2333000,880000,29612000,25215000,35544000,23900000,11457000,991000,8516000,2411000,11644000,11640000,3914000,12832000,12285000,10210000,2621000,2075000,NA,564000,NA,NA,19000,546000,444000,202000,205000,604000,4.25531914893617
580002204,近畿車輛　株式会社,27227_大阪府東大阪市,F_製造業,2012,3,691,35623000,22917000,12846000,9577000,3220000,8554000,1515000,12706000,7524000,35623000,9377000,6689000,NA,NA,NA,26246000,25911000,17629000,22072000,20541000,17962000,4109000,2579000,314000,438000,NA,93000,58000,1530000,84000,1908000,2039000,1190000,6.93217344026098
580003051,テイカ　株式会社,27128_大阪府大阪市中央区,F_製造業,2012,3,471,38080000,23453000,15217000,4777000,9136000,7852000,380000,14626000,8520000,38080000,13576000,8698000,403000,NA,2251000,24503000,23167000,7084000,29338000,26259000,21855000,7483000,4404000,229000,522000,NA,NA,67000,3078000,189000,3117000,2776000,1594000,10.4915127138864
580239232,株式会社　ソフト９９コーポレーション,27128_大阪府大阪市中央区,F_製造業,2012,3,195,39093545,10801023,9220914,7303448,1178163,1387244,195141,28292522,16172322,39093545,2363610,1412163,NA,NA,NA,36729934,36383584,31287337,10785275,9654593,6051930,4733344,3602663,159003,892150,NA,NA,127058,1130681,35930,1663210,1614737,1046526,10.4835630508784
570004902,モリ工業　株式会社,27128_大阪府大阪市中央区,F_製造業,2012,3,404,40144000,24886000,15030000,1483000,8800000,8201000,1782000,15258000,11228000,40144000,16083000,12123000,2650000,550000,1825000,24061000,23962000,8932000,40160000,37707000,33056000,7104000,4651000,NA,685000,NA,NA,76000,2452000,187000,2515000,2499000,1601000,6.10557768924303
580010538,中外爐工業　株式会社,27128_大阪府大阪市中央区,E_建設業,2012,3,418,41114000,30451000,28939000,9067000,17311000,855000,666000,10663000,5374000,41114000,19375000,17487000,1403000,2900000,727000,21739000,20490000,12573000,33593000,31956000,28155000,5438000,3801000,330000,1647000,NA,NA,270000,1637000,58000,2064000,2045000,1249000,4.87303902598756
580040789,三共生興　株式会社,27128_大阪府大阪市中央区,G_卸・小売業，飲食店,2012,3,86,41233000,8322000,5073000,3791000,1282000,725000,2674000,32911000,11717000,41233000,15386000,10096000,NA,7164000,1057000,25847000,22481000,18550000,10395000,8792000,5865000,4530000,2927000,176000,485000,NA,137000,214000,1602000,166000,2046000,2531000,1760000,15.4112554112554
580000667,株式会社　鶴見製作所,27124_大阪府大阪市鶴見区,F_製造業,2012,3,724,44260000,21200000,15766000,1459000,8650000,4497000,965000,23059000,10016000,44260000,9855000,7683000,NA,NA,5e+05,34404000,34345000,23650000,30522000,28711000,22573000,7949000,6138000,105000,2558000,NA,NA,101000,1810000,134000,2065000,2148000,1199000,5.93014874516742
580057801,松本油脂製薬　株式会社,27212_大阪府八尾市,F_製造業,2012,3,392,45583000,32394000,27729000,17419000,6914000,3098000,1567000,13188000,4719000,45583000,8032000,7610000,NA,700000,NA,37550000,37997000,27136000,26700000,25401000,21649000,5050000,3752000,187000,589000,NA,NA,32000,1297000,184000,1543000,1082000,586000,4.85785984493801
580355652,株式会社　フジシールインターナショナル,27123_大阪府大阪市淀川区,H_金融・保険業,2012,3,22,46544306,8102714,3272453,3272453,NA,NA,4831117,38441592,163176,46544306,6751487,4917267,NA,600000,1759955,39792819,39707303,30506733,4251869,1160808,1157,4250711,1159651,122081,148237,NA,NA,38172,3091060,63408,3111069,3101030,3000605,72.6988702377402
570158561,株式会社　サカイ引越センター,27141_大阪府堺市堺区,J_運輸・通信業,2012,3,3673,48841971,5410845,4281938,1894277,2387081,236923,906931,43431126,40783237,48841971,19497308,12929883,NA,NA,3558200,29344662,32612812,25994052,54632647,49987034,33403327,21229320,16583707,179536,5120824,NA,1078219,521122,4645613,38943,4847739,4845044,2284397,8.50336429790781
581748091,日本エスリード　株式会社,27103_大阪府大阪市福島区,I_不動産業,2012,3,167,48891223,43863161,10631113,10319231,311882,31621798,1610246,5028062,4439518,48891223,24623947,11404823,4312294,500000,12434314,24267276,24256221,19463623,19579155,17266355,13827884,5751271,3438471,NA,1489986,NA,NA,61723,2312800,588168,1794935,1799994,966321,11.8125629017187
580018401,株式会社　マンダム,27128_大阪府大阪市中央区,F_製造業,2012,3,544,49147000,25271000,20539000,2511000,4097000,3909000,817000,23876000,8850000,49147000,6777000,5257000,NA,NA,NA,42370000,42714000,21934000,41262000,37228000,18888000,22373000,18340000,NA,3158000,NA,NA,563000,4033000,86000,4592000,4391000,2733000,9.77436320011633
580396941,株式会社　パル,27128_大阪府大阪市中央区,G_卸・小売業，飲食店,2012,2,1406,50250520,32357717,28134152,25502787,2631365,3009679,1214527,17892803,6244992,50250520,26266421,16450076,1655141,NA,5864762,23984098,23969522,18552246,67075053,59391355,28602064,38472988,30789291,259530,8313767,NA,647489,839419,7683696,82289,7737257,6959312,3819448,11.4553709179383
580163671,株式会社　日阪製作所,27128_大阪府大阪市中央区,F_製造業,2012,3,464,50746373,22756250,16234698,7674734,6144855,4224251,2307296,27990122,11761313,50746373,9117772,8556775,1567,NA,NA,41628600,39977868,27804796,22693611,20430167,17508995,5184615,2921172,230841,680242,NA,157420,23968,2263443,5849,2572112,2841096,1399085,9.97392217456808
586769156,株式会社　プレサンスコーポレーション,27128_大阪府大阪市中央区,I_不動産業,2012,3,117,51094157,46572306,13751883,13746883,5000,32029401,791018,4521851,3150006,51094157,25698956,11834646,1023065,NA,13619900,25395201,25362420,22974792,35078961,28072884,22436616,12642344,5636268,279000,1002841,NA,35810,19588,7006075,260087,6824788,6825680,3744702,19.9722996348809
580258194,大和冷機工業　株式会社,27109_大阪府大阪市天王寺区,F_製造業,2012,12,1872,52871767,41624993,38814690,35466021,2244232,1901496,917120,11246773,7562401,52871767,8648865,6498636,1225475,NA,NA,44222901,44235988,24644336,27364562,23200617,11378656,15985906,11821961,NA,5806079,NA,NA,243320,4163944,110120,4284022,4272421,2387674,15.2165563622031
588201204,株式会社　ドウシシャ,27128_大阪府大阪市中央区,G_卸・小売業，飲食店,2012,3,758,55031635,41422113,34623905,19204573,13869282,5653763,1149239,13609522,8431692,55031635,11056483,8221994,NA,NA,NA,43975152,43781281,33124050,97776733,89585579,73967619,23809114,15617960,132685,4602301,NA,NA,245337,8191154,146081,8313501,7994313,4650986,8.37740610539728
580159651,東洋炭素　株式会社,27127_大阪府大阪市北区,F_製造業,2012,5,992,56194722,25874851,13298949,4064390,7792090,11600185,1037814,30319871,22692474,56194722,13583787,12094686,464844,800000,353366,42610935,42577878,25408550,28437094,25953773,21131322,7305772,4822451,310401,862631,NA,NA,83816,2483321,272314,2750633,2880159,1310067,8.73268203846708
580146957,株式会社　藤商事,27128_大阪府大阪市中央区,F_製造業,2012,3,387,56958000,44534000,35932000,28740000,3191000,3252000,5355000,12423000,7270000,56958000,13160000,11707000,NA,NA,NA,43797000,43683000,37630000,43027000,35731000,22036000,20990000,13695000,NA,1077000,NA,NA,622000,7295000,97000,7328000,7425000,4087000,16.9548645005346
580110669,株式会社　アーク,27128_大阪府大阪市中央区,F_製造業,2012,3,487,57648000,14739000,13946000,10179000,3250000,360000,429000,42908000,1305000,57648000,37719000,1658000,NA,NA,13957000,19928000,20084000,-8050000,10326000,9463000,7761000,2563000,1702000,140000,655000,NA,32000,21000,861000,924000,626000,-2335000,-8050000,8.33979077876792
580337181,株式会社　デサント,27109_大阪府大阪市天王寺区,G_卸・小売業，飲食店,2012,3,734,58303000,39111000,29765000,14446000,14369000,8861000,489000,19192000,9583000,58303000,19241000,16171000,NA,NA,1500000,39062000,39262000,10916000,55462000,53081000,31461000,24001000,21620000,NA,6818000,NA,NA,733000,2380000,113000,2466000,2330000,1337000,4.29122642530021
580328557,高圧ガス工業　株式会社,27127_大阪府大阪市北区,G_卸・小売業，飲食店,2012,3,481,59874452,36705787,35152216,11787086,14828934,1198383,394183,23168665,15382388,59874452,24655321,21118243,4349305,1710000,3e+06,35219131,34528536,29124301,59758072,56273679,48984634,10773439,7289045,NA,1232182,NA,208436,898362,3484393,261699,4087636,3947475,2168100,5.83083226261329
580024346,ダイソー　株式会社,27106_大阪府大阪市西区,F_製造業,2012,3,531,60526000,31559000,21010000,3766000,11083000,7413000,3131000,28966000,15505000,60526000,27973000,24865000,338000,7730000,365000,32553000,31269000,12641000,55958000,52505000,44857000,11100000,7648000,128000,1306000,NA,NA,242000,3451000,478000,3640000,2922000,1637000,6.16723555587326
580575502,アズワン　株式会社,27106_大阪府大阪市西区,G_卸・小売業，飲食店,2012,3,327,60555074,40302996,35228739,17666605,8894308,4426421,672073,20252078,6226346,60555074,23442498,13439715,547008,600000,8675000,37112575,36748411,29417050,46080644,40609525,32180178,13900466,8429347,2162944,NA,NA,NA,610155,5471119,997870,4951110,4965624,2766465,11.8729221753064
586739362,サムティ　株式会社,27123_大阪府大阪市淀川区,I_不動産業,2012,11,70,61423000,23838000,3974000,3880000,NA,18170000,1695000,37585000,31796000,61423000,42973000,12826000,560000,2208000,29032000,18450000,18361000,6715000,9187000,7816000,6111000,3075000,1705000,242000,216000,NA,50000,32000,1369000,1191000,262000,480000,498000,14.9031134334857
570067831,フジ住宅　株式会社,27202_大阪府岸和田市,I_不動産業,2012,3,354,61749959,57517964,9675590,9597909,NA,46488396,1389259,4231995,3279620,61749959,42648648,17875553,312107,3037000,23187850,19101311,19118937,9231691,63780487,59312566,51855943,11924544,7456623,123524,2277049,NA,NA,81321,4467921,299765,4488510,4421046,2530743,7.00515347272278
580008422,コニシ　株式会社,27128_大阪府大阪市中央区,F_製造業,2012,3,679,61776000,44503000,38041000,11447000,17771000,4885000,1622000,17273000,8552000,61776000,26767000,23703000,459000,NA,NA,35009000,34745000,26580000,76709000,73279000,64056000,12652000,9223000,222000,2031000,NA,425000,153000,3428000,219000,3590000,3283000,1930000,4.46889503050529
580516950,ダイハツディーゼル　株式会社,27127_大阪府大阪市北区,F_製造業,2012,3,857,62641814,44780318,30307349,13910394,15976334,8912930,5609134,17861495,12924021,62641814,42578194,30653368,6215611,5730000,6840200,20063619,20042468,15465689,51997679,48950614,41385235,10612444,7565379,NA,1450506,NA,328132,527574,3047064,225418,3945809,3910644,2291829,5.86000002038553
580179733,ザ・パック　株式会社,27115_大阪府大阪市東成区,F_製造業,2012,12,817,63919000,37179000,29973000,7231000,16508000,5350000,1885000,26739000,20609000,63919000,27499000,24397000,7526000,300000,562000,36420000,35888000,30183000,77873000,73132000,60377000,17495000,12755000,298000,3303000,NA,NA,850000,4740000,26000,5123000,5233000,3001000,6.08691185535237
580025432,タキロン　株式会社,27127_大阪府大阪市北区,F_製造業,2012,3,648,65506000,38074000,21764000,5601000,9532000,6614000,9805000,27431000,13193000,65506000,28359000,17027000,589000,600000,1500000,37146000,36855000,9010000,39383000,36704000,26260000,13123000,10444000,NA,1925000,NA,NA,415000,2679000,404000,2825000,2749000,1058000,6.8024274433131
580349898,住友精化　株式会社,27128_大阪府大阪市中央区,F_製造業,2012,3,873,66962000,25892000,16407000,967000,15433000,7529000,1986000,41070000,23702000,66962000,35169000,20828000,NA,7400000,12504000,31793000,31672000,14690000,49383000,47140000,37603000,11779000,9537000,248000,1740000,NA,NA,520000,2241000,303000,3410000,2474000,1923000,4.53809080231663
580174906,株式会社　日伝,27128_大阪府大阪市中央区,G_卸・小売業，飲食店,2012,3,702,67132000,49784000,44626000,24431000,10574000,4560000,615000,17347000,9312000,67132000,13329000,10263000,1058000,NA,NA,53803000,52983000,40892000,84687000,80708000,72456000,12230000,8252000,NA,3541000,NA,NA,551000,3978000,348000,4129000,4087000,2262000,4.6973525730345
580000326,住友電設　株式会社,27106_大阪府大阪市西区,E_建設業,2012,3,1210,72676000,51470000,46132000,12309000,NA,2472000,2890000,21205000,9050000,72676000,43071000,37939000,5658000,1495000,1188000,29604000,28027000,15568000,91135000,87217000,82656000,8479000,4561000,NA,1571000,NA,NA,437000,3917000,214000,4408000,4618000,2790000,4.29801942173698
580326525,エスケー化研　株式会社,27211_大阪府茨木市,F_製造業,2012,3,1113,75866000,56709000,50564000,31949000,10913000,4870000,1299000,19156000,10721000,75866000,17895000,16007000,1299000,2050000,NA,57970000,57971000,56540000,70287000,60916000,49504000,20783000,11412000,NA,3570000,NA,NA,71000,9370000,109000,9581000,9581000,5463000,13.3310569522102
570009570,堺化学工業　株式会社,27141_大阪府堺市堺区,F_製造業,2012,3,749,76049000,30901000,18640000,3930000,12880000,10802000,1607000,45148000,23231000,76049000,22539000,16537000,NA,7508000,2496000,53510000,52737000,12849000,38880000,37172000,31708000,7172000,5464000,NA,1524000,NA,NA,436000,1707000,450000,2192000,1879000,831000,4.39043209876543
580118219,朝日放送　株式会社,27103_大阪府大阪市福島区,L_サービス業,2012,3,641,76757000,29478000,25995000,5315000,11571000,988000,2490000,47279000,28799000,76757000,26747000,12017000,NA,NA,NA,50010000,49362000,40953000,64390000,61398000,40805000,23585000,20593000,NA,3981000,NA,NA,339000,2991000,209000,3081000,1244000,-49000,4.6451312315577
580021818,サカタインクス　株式会社,27106_大阪府大阪市西区,F_製造業,2012,3,794,77296000,32774000,28154000,2568000,15478000,3592000,1222000,44522000,11587000,77296000,36758000,29007000,1513000,1200000,4550000,40538000,39753000,27344000,65942000,63287000,51782000,14159000,11505000,299000,2317000,NA,529000,335000,2654000,266000,3717000,3696000,2248000,4.02481005747562
580305267,東和薬品　株式会社,27223_大阪府門真市,F_製造業,2012,3,1468,79085000,40785000,21639000,3879000,7170000,17089000,2175000,38300000,33650000,79085000,29200000,18949000,1042000,NA,9192000,49885000,49908000,37958000,47225000,38200000,21072000,26153000,17128000,103000,5659000,NA,NA,365000,9025000,113000,9768000,9662000,5696000,19.1106405505558
580317778,積水樹脂　株式会社,27127_大阪府大阪市北区,F_製造業,2012,3,312,83428000,51974000,45221000,19644000,14454000,4066000,2695000,31453000,11654000,83428000,27740000,24632000,5514000,NA,NA,55687000,55480000,31877000,49830000,43245000,34929000,14901000,8316000,127000,1314000,NA,153000,55000,6585000,425000,7115000,7053000,4052000,13.2149307645996
580013351,シキボウ　株式会社,27128_大阪府大阪市中央区,F_製造業,2012,3,575,83490000,17511000,9671000,1827000,5935000,5689000,2209000,65979000,46039000,83490000,55178000,23275000,1382000,10165000,12587000,28311000,16448000,4135000,29263000,26648000,23591000,5672000,3057000,NA,1012000,NA,NA,88000,2615000,1419000,1515000,1249000,488000,8.93619929603937
580385301,株式会社　ワキタ,27106_大阪府大阪市西区,L_サービス業,2012,2,336,83674000,31275000,29007000,13354000,7146000,2145000,532000,52398000,45118000,83674000,19469000,12232000,5592000,NA,NA,64205000,66177000,43239000,40614000,36351000,30713000,9902000,5638000,342000,2260000,NA,NA,247000,4263000,72000,4439000,4119000,2298000,10.4961221223686
530043227,日本毛織　株式会社,27128_大阪府大阪市中央区,F_製造業,2012,11,700,85808000,37636000,16478000,6092000,9252000,11016000,10148000,48172000,25968000,85808000,25715000,12173000,201000,3454000,3029000,60093000,59592000,55597000,33972000,31457000,26548000,7424000,4909000,NA,1178000,NA,505000,174000,2514000,495000,3153000,2321000,1861000,7.40021193924408
580514955,西尾レントオール　株式会社,27128_大阪府大阪市中央区,L_サービス業,2012,9,1339,87900733,37022263,32044961,14682027,12726924,269975,4919707,50878469,33840727,87900733,44128405,27129717,NA,3300000,7228700,43772327,43763659,31035587,57032269,52901870,35902510,21129758,16999360,106262,6621910,NA,NA,659991,4130397,808428,4459525,4034154,2132781,7.24221067273706
580632261,イオンディライト　株式会社,27128_大阪府大阪市中央区,L_サービス業,2012,2,3707,88954000,66828000,34864000,6011000,24754000,1283000,31327000,22126000,2710000,88954000,32466000,32163000,6559000,NA,NA,56488000,55645000,33475000,201501000,188922000,177658000,23842000,11264000,NA,3871000,NA,779000,1099000,12578000,206000,12721000,11898000,6552000,6.24218362282878
580933578,株式会社　カプコン,27128_大阪府大阪市中央区,L_サービス業,2012,3,1698,89730000,50278000,20030000,8006000,12000000,23198000,7635000,39452000,3604000,89730000,33457000,24598000,513000,6500000,6e+06,56272000,56294000,17572000,64159000,58330000,45532000,18626000,12798000,NA,2872000,NA,NA,602000,5828000,769000,5410000,5158000,2447000,9.0838243087378
580455148,トラスコ中山　株式会社,27106_大阪府大阪市西区,G_卸・小売業，飲食店,2012,3,1178,97459000,52848000,33264000,13893000,19371000,18359000,1238000,44610000,41600000,97459000,18918000,16889000,NA,NA,NA,78541000,79688000,7e+07,129912000,121542000,103408000,26504000,18134000,328000,7016000,NA,NA,2050000,8369000,1467000,8315000,7482000,3933000,6.44205308208634
580089547,ロート製薬　株式会社,27116_大阪府大阪市生野区,F_製造業,2012,3,1477,107533000,40675000,25622000,4137000,11714000,11254000,4176000,66857000,23700000,107533000,27714000,26234000,2590000,NA,NA,79818000,76216000,64556000,77509000,66543000,30023000,47486000,36520000,374000,3677000,NA,NA,574000,10965000,152000,11530000,10226000,5591000,14.1467442490549
580037596,京阪神ビルディング　株式会社,27128_大阪府大阪市中央区,I_不動産業,2012,3,34,110521575,5531767,4887591,4547173,340418,NA,644174,104989807,94863642,110521575,72243451,15466064,NA,2700000,37045030,38278124,41324420,26473858,12987642,8729187,7930385,5057256,798802,154430,253275,NA,NA,30167,4258453,1113801,3405930,3188284,1757715,32.7885025463824
580077395,株式会社　エクセディ,27215_大阪府寝屋川市,F_製造業,2012,3,2541,113422000,52551000,41443000,17146000,23879000,6552000,4981000,60870000,25848000,113422000,37082000,26178000,NA,NA,NA,76340000,75886000,61241000,111505000,104955000,93341000,18164000,11614000,3358000,NA,NA,NA,421000,6550000,921000,8501000,7396000,4856000,5.87417604591722
580099427,沢井製薬　株式会社,27123_大阪府大阪市淀川区,F_製造業,2012,3,879,113579000,75346000,49326000,23314000,19932000,23834000,2203000,38232000,26551000,113579000,60811000,23353000,1863000,NA,5187000,52768000,52520000,28398000,68089000,55615000,38270000,29818000,17345000,NA,4139000,NA,NA,292000,12473000,351000,12449000,12302000,7484000,18.3189401950417
580005529,株式会社　栗本鐵工所,27106_大阪府大阪市西区,F_製造業,2012,3,1342,114111000,63380000,48980000,15310000,22201000,12262000,2219000,50731000,34275000,114111000,73625000,55437000,6116000,26030000,15588000,40485000,40586000,2826000,69059000,65604000,51536000,17522000,14068000,NA,2952000,NA,NA,NA,3454000,1201000,3040000,876000,2001000,5.00159286396942
570009417,株式会社　シマノ,27141_大阪府堺市堺区,F_製造業,2012,12,1155,116142000,57196000,37142000,16508000,19443000,14487000,5684000,58946000,32946000,116142000,26896000,23969000,NA,NA,NA,89246000,88139000,46751000,191551000,178450000,149446000,42105000,29004000,NA,4553000,NA,NA,1108000,13101000,591000,16414000,15338000,10274000,6.83943179623181
580052556,因幡電機産業　株式会社,27106_大阪府大阪市西区,G_卸・小売業，飲食店,2012,3,1043,119855000,86917000,76703000,22877000,38449000,7537000,2683000,32938000,18729000,119855000,48640000,44348000,537000,NA,NA,71215000,70450000,57623000,175435000,167149000,149627000,25807000,17522000,NA,5973000,NA,NA,872000,8285000,1136000,8558000,7717000,4203000,4.72257373143176
580005752,大阪製鐵　株式会社,27128_大阪府大阪市中央区,F_製造業,2012,3,432,133986000,76586000,21406000,35000,21371000,9284000,45892000,57400000,39209000,133986000,26354000,23085000,NA,NA,NA,107632000,107238000,89799000,59141000,54247000,51006000,8134000,3241000,104000,581000,NA,NA,33000,4893000,224000,5258000,5106000,3285000,8.27358809604329
580006221,小林製薬　株式会社,27128_大阪府大阪市中央区,F_製造業,2012,3,1062,138991000,89249000,79371000,40747000,26622000,5918000,3966000,49741000,6878000,138991000,44149000,37983000,1084000,NA,NA,94841000,92720000,89753000,111849000,98158000,52800000,59049000,45358000,NA,6666000,NA,NA,679000,13690000,1265000,17132000,16588000,9981000,12.2397160457402
580006689,株式会社　椿本チエイン,27127_大阪府大阪市北区,F_製造業,2012,3,2141,140762000,49325000,37100000,3935000,25363000,7265000,4997000,91437000,57611000,140762000,74593000,43772000,3764000,14089000,14200000,66169000,74400000,46657000,78316000,73871000,61845000,16470000,12026000,NA,3423000,NA,NA,487000,4444000,1041000,6464000,6460000,4700000,5.67451956840963
580006885,株式会社　名村造船所,27106_大阪府大阪市西区,F_製造業,2012,3,1074,141345000,109465000,94443000,35391000,19056000,2102000,12944000,31880000,18248000,141345000,99102000,89378000,3907000,600000,6292000,42243000,42146000,24546000,104521000,95761000,92490000,12031000,3271000,278000,1061000,NA,NA,297000,8760000,657000,8804000,7560000,4311000,8.38109088125831
580075050,不二製油　株式会社,27213_大阪府泉佐野市,F_製造業,2012,3,1136,144384000,62122000,40875000,6420000,32570000,18437000,2809000,82262000,45450000,144384000,49267000,30162000,209000,4510000,12288000,95117000,93478000,63691000,142566000,132546000,114848000,27716000,17698000,261000,3016000,NA,NA,456000,10018000,628000,10336000,10377000,6375000,7.02701944389888
580013549,株式会社　淀川製鋼所,27128_大阪府大阪市中央区,F_製造業,2012,3,1245,152713000,79153000,57061000,12403000,30621000,18815000,3278000,73559000,28826000,152713000,31739000,25374000,2931000,2985000,NA,120973000,117098000,81097000,99728000,95055000,83529000,16198000,11526000,NA,2164000,NA,NA,73000,4672000,397000,5476000,5415000,3069000,4.68478947526748
580028425,石原産業　株式会社,27106_大阪府大阪市西区,F_製造業,2012,3,1199,168302000,93238000,50488000,16237000,33377000,33086000,10077000,75063000,43268000,168302000,119577000,62569000,890000,20530000,32164000,48724000,48654000,-4381000,79576000,71090000,55151000,24424000,15939000,NA,1725000,NA,NA,374000,8485000,2446000,6659000,5341000,2155000,10.6628966383915
570153930,株式会社　ラウンドワン,27141_大阪府堺市堺区,L_サービス業,2012,3,1226,169439000,29087000,17467000,16914000,553000,1409000,10207000,140352000,54717000,169439000,89430000,26883000,NA,560000,35797000,80008000,80930000,30730000,89037000,80485000,78738000,10299000,1747000,123000,393000,NA,62000,112000,8551000,2501000,11467000,6129000,2771000,9.60387254736795
580009072,タカラスタンダード　株式会社,27118_大阪府大阪市城東区,F_製造業,2012,3,4603,179780000,96994000,78704000,37768000,18345000,13240000,5263000,82785000,63169000,179780000,63118000,49219000,14801000,9900000,NA,116661000,113249000,57072000,146419000,137577000,94147000,52272000,43430000,NA,13761000,NA,NA,1814000,8841000,454000,8992000,8460000,4393000,6.03815078644165
580464236,株式会社　ダスキン,27205_大阪府吹田市,L_サービス業,2012,3,2039,184811000,47556000,36977000,10134000,8825000,6421000,4202000,137254000,42103000,184811000,52683000,41021000,NA,NA,NA,132128000,133917000,124154000,150019000,143091000,88836000,61183000,54255000,NA,11285000,56000,4344000,2908000,6928000,369000,10313000,8763000,4428000,4.61808170965011
580004361,参天製薬　株式会社,27114_大阪府大阪市東淀川区,F_製造業,2012,3,1927,196427000,127192000,106781000,57662000,35772000,14945000,5725000,69234000,21072000,196427000,28338000,24577000,NA,NA,NA,168089000,167691000,152951000,103200000,76401000,32347000,70859000,44054000,NA,7099000,NA,NA,401000,26804000,53000,27776000,26907000,16502000,25.9713582543651
580068000,丸一鋼管　株式会社,27106_大阪府大阪市西区,F_製造業,2012,3,631,196627000,75524000,61202000,30790000,29838000,10631000,3688000,121102000,41074000,196627000,21724000,19302000,2001000,NA,NA,174903000,172673000,168197000,90784000,76216000,70210000,20574000,6006000,NA,1040000,NA,NA,259000,14567000,437000,17094000,11878000,4975000,16.0457789918928
580023269,日本ペイント　株式会社,27127_大阪府大阪市北区,F_製造業,2012,3,1477,200461000,91572000,78375000,16824000,57319000,7053000,6154000,108888000,31732000,200461000,88200000,71244000,3654000,12500000,7e+06,112260000,112053000,57480000,122303000,113785000,92219000,30083000,21566000,NA,6196000,NA,NA,1640000,8517000,1264000,13797000,13666000,9791000,6.96390901211754
580200041,株式会社　住友倉庫,27106_大阪府大阪市西区,J_運輸・通信業,2012,3,688,203585000,32828000,30272000,20939000,NA,NA,2995000,170756000,93002000,203585000,99110000,39881000,NA,5250000,32527000,104474000,90560000,58721000,83389000,76425000,72553000,10836000,3872000,NA,1708000,NA,NA,676000,6963000,735000,7873000,7292000,5079000,8.3500221851803
580007523,ユニチカ　株式会社,27128_大阪府大阪市中央区,F_製造業,2012,3,1225,224739000,86539000,37720000,10018000,26081000,20600000,28255000,138199000,75651000,224739000,193551000,120900000,861000,61826000,61546000,31187000,30508000,104000,98159000,90383000,77229000,20929000,13154000,115000,2360000,NA,431000,175000,7774000,4732000,4911000,447000,286000,7.91988426822062
580033041,関西ペイント　株式会社,27128_大阪府大阪市中央区,F_製造業,2012,3,1603,228973000,99128000,83972000,26365000,56249000,8650000,7165000,129845000,29404000,228973000,81951000,56480000,1802000,NA,NA,147021000,135101000,87777000,141193000,133501000,112002000,29191000,21499000,NA,3565000,NA,1338000,973000,7691000,517000,11364000,15343000,10900000,5.44715389573137
570091283,コーナン商事　株式会社,27144_大阪府堺市西区,G_卸・小売業，飲食店,2012,2,2555,242283000,75198000,5755000,2714000,3041000,62608000,6946000,167084000,112437000,242283000,165913000,77994000,NA,8000000,59156000,76370000,76529000,41067000,294623000,275939000,182075000,112547000,93864000,NA,21042000,NA,NA,6669000,18683000,3166000,16022000,16190000,9299000,6.34134586011907
580006339,ダイビル　株式会社,27127_大阪府大阪市北区,I_不動産業,2012,3,54,290901000,3189000,2901000,2758000,NA,NA,291000,287712000,267288000,290901000,172624000,12934000,NA,NA,51312000,118277000,102833000,76894000,25363000,15519000,14104000,11259000,1415000,166000,445000,NA,NA,26000,9843000,1696000,8544000,7525000,4636000,38.8085005716989
580003239,株式会社　日本触媒,27128_大阪府大阪市中央区,F_製造業,2012,3,1944,296042000,137508000,97600000,31467000,65970000,25554000,14378000,158534000,87072000,296042000,115032000,80347000,NA,7020000,17250000,181010000,179643000,133423000,230119000,207977000,179821000,50298000,28156000,NA,2574000,NA,NA,436000,22142000,2910000,25819000,25276000,16277000,9.62197819389099
580005000,東洋紡　株式会社,27127_大阪府大阪市北区,F_製造業,2012,3,3230,394613000,127610000,55429000,5079000,47105000,46026000,26176000,267003000,154221000,394613000,250554000,130564000,563000,48779000,51098000,144059000,106609000,22566000,226163000,212694000,181087000,45076000,31607000,NA,5171000,NA,NA,670000,13469000,6817000,10485000,5517000,1916000,5.95543921861666
580006446,レンゴー　株式会社,27127_大阪府大阪市北区,F_製造業,2012,3,3638,395344000,122453000,92489000,5206000,78767000,12890000,17474000,272891000,153584000,395344000,271435000,157459000,NA,56240000,78882000,123909000,123423000,66213000,288775000,273171000,233157000,55617000,40014000,NA,9463000,NA,NA,2420000,15602000,4814000,15453000,2916000,1808000,5.40284097598814
580241811,ニプロ　株式会社,27127_大阪府大阪市北区,F_製造業,2012,3,2367,421504000,148136000,108926000,55060000,39993000,29921000,9382000,273367000,36925000,421504000,285766000,121984000,11321000,27500000,112768000,135737000,143661000,59492000,135804000,124688000,103218000,32586000,21470000,NA,4853000,NA,NA,1262000,11115000,3550000,9970000,10005000,5624000,8.18458955553592
580001842,小野薬品工業　株式会社,27128_大阪府大阪市中央区,F_製造業,2012,3,2492,428888000,195159000,157089000,15361000,37205000,18299000,19767000,233728000,46471000,428888000,34544000,30275000,32000,NA,11000,394344000,397251000,422077000,144175000,107079000,28486000,115689000,78593000,NA,8182000,NA,2366000,481000,37095000,858000,39432000,38715000,23649000,25.7291486041269
580001341,帝人　株式会社,27128_大阪府大阪市中央区,G_卸・小売業，飲食店,2012,3,738,445800000,184230000,19577000,8655000,10916000,6593000,159894000,261570000,43692000,445800000,215915000,117834000,710000,NA,6.1e+07,229885000,221820000,49731000,83966000,64345000,47807000,36158000,16538000,424000,1621000,NA,523000,659000,19619000,2152000,19460000,12594000,13486000,23.3656880843208
580007917,株式会社　きんでん,27127_大阪府大阪市北区,E_建設業,2012,3,6991,451026000,253852000,225430000,15834000,NA,21633000,13151000,197173000,87450000,451026000,134601000,118906000,2228000,15700000,NA,316424000,305477000,265091000,402381000,384925000,350577000,51804000,34348000,788000,15583000,NA,NA,1769000,17455000,888000,19387000,19436000,9543000,4.33792848071852
580064771,日東電工　株式会社,27127_大阪府大阪市北区,F_製造業,2012,3,4912,513820000,288932000,237305000,141467000,92689000,31976000,19658000,224887000,127845000,513820000,196507000,127415000,NA,NA,6e+06,317312000,315749000,266460000,428759000,396060000,326261000,102498000,69799000,NA,18539000,NA,NA,4631000,32699000,2298000,40541000,32273000,20031000,7.62642883298077
580173702,京阪電気鉄道　株式会社,27128_大阪府大阪市中央区,J_運輸・通信業,2012,3,1622,524407000,81839000,12644000,7415000,NA,51993000,18314000,442567000,362846000,524407000,397657000,132216000,NA,61301000,118612000,126749000,91289000,12361000,78808000,65956000,37278000,41530000,28678000,NA,4536000,NA,NA,13106000,12846000,5355000,9237000,7968000,4469000,16.3003755963862
580010691,大日本住友製薬　株式会社,27128_大阪府大阪市中央区,F_製造業,2012,3,4449,549418000,209545000,114849000,5460000,66532000,48293000,46495000,339872000,59089000,549418000,182383000,50818000,NA,NA,4.8e+07,367035000,359149000,321538000,203460000,167110000,58652000,144795000,108458000,NA,15921000,NA,NA,2205000,36336000,3410000,35184000,36198000,22058000,17.8601798011276
580005171,塩野義製薬　株式会社,27128_大阪府大阪市中央区,F_製造業,2012,3,4181,575447000,213916000,152002000,4764000,60716000,45381000,16535000,361531000,70043000,575447000,151620000,65739000,NA,NA,4.9e+07,423827000,416187000,394426000,256187000,193317000,74535000,181658000,118782000,NA,19088000,NA,NA,2077000,62875000,4058000,63536000,63891000,43678000,24.5420444742831
580597116,株式会社　キーエンス,27114_大阪府大阪市東淀川区,F_製造業,2012,3,1883,646685000,431928000,415686000,75084000,49785000,10955000,5442000,214757000,9260000,646685000,29639000,29292000,NA,NA,NA,617045000,614663000,555825000,168118000,83526000,41332000,126786000,42194000,224000,16642000,NA,NA,859000,84591000,159000,86820000,86820000,52939000,50.3164444021461
580005206,田辺三菱製薬　株式会社,27128_大阪府大阪市中央区,F_製造業,2012,3,4826,674081000,378042000,176267000,4878000,124839000,49971000,151811000,296038000,44171000,674081000,98809000,81479000,NA,NA,NA,575271000,564868000,393529000,389151000,321928000,161967000,227178000,159961000,NA,24503000,NA,NA,1413000,67217000,3561000,69611000,67891000,44368000,17.2729959269681
580016326,南海電気鉄道　株式会社,27128_大阪府大阪市中央区,J_運輸・通信業,2012,3,2734,748563000,59514000,15508000,10876000,NA,27659000,16531000,689049000,633429000,748563000,622209000,174024000,NA,44741000,283685000,126354000,99672000,18759000,90703000,75864000,36292000,54411000,39572000,NA,3691000,NA,NA,18763000,14832000,9014000,7288000,-1959000,3766000,16.3522705974444
580010082,株式会社　クボタ,27111_大阪府大阪市浪速区,F_製造業,2012,3,9833,798123000,422981000,297265000,31695000,232613000,55705000,70035000,375141000,140061000,798123000,359263000,304426000,3077000,16000000,32500000,438860000,401963000,264014000,622817000,587616000,501096000,121721000,86520000,NA,19256000,NA,NA,1359000,35200000,7911000,41668000,47079000,29709000,5.65174039886516
580363860,積水ハウス　株式会社,27127_大阪府大阪市北区,E_建設業,2012,1,13108,1230785000,636439000,135550000,96952000,NA,430701000,71814000,594345000,266979000,1230785000,588608000,371370000,66927000,NA,5e+07,642176000,640161000,215331000,1013559000,971040000,826551000,187008000,144489000,526000,38849000,NA,8582000,6322000,42518000,4689000,48629000,41479000,20068000,4.19492106527592
580123424,大和ハウス工業　株式会社,27127_大阪府大阪市北区,E_建設業,2012,3,13075,1524407000,607944000,243076000,184420000,9584000,308612000,57539000,916462000,382450000,1524407000,966048000,572144000,16372000,NA,6.8e+07,558358000,592844000,291139000,1116665000,1051825000,874935000,241730000,176890000,736000,58247000,NA,NA,2290000,64840000,11365000,65081000,51336000,18077000,5.8065758307102
580003767,近畿日本鉄道　株式会社,27109_大阪府大阪市天王寺区,J_運輸・通信業,2012,3,8401,1579674000,155112000,11066000,7117000,NA,101192000,44472000,1422557000,1187218000,1579674000,1362207000,407691000,NA,126279000,530077000,217467000,142399000,24113000,264706000,232012000,161910000,102796000,70102000,NA,8352000,NA,NA,31651000,32687000,17545000,18572000,17245000,12450000,12.348416734037
580005823,武田薬品工業　株式会社,27128_大阪府大阪市中央区,F_製造業,2012,3,6565,2348562000,637561000,312823000,57464000,183505000,105236000,219505000,1711001000,286278000,2348562000,847026000,524839000,NA,269105000,1.1e+08,1501536000,1455807000,1343423000,834708000,655895000,271587000,563121000,384308000,NA,23433000,NA,1485000,5694000,178813000,11304000,451685000,469320000,372523000,21.4222219027492
581100003,西日本旅客鉄道　株式会社,27127_大阪府大阪市北区,J_運輸・通信業,2012,3,26778,2381774000,182722000,68626000,38875000,NA,12274000,102419000,2199052000,1824129000,2381774000,1793379000,561180000,NA,158765000,240301000,588394000,587684000,462684000,862180000,772892000,553886000,308294000,219006000,NA,19344000,NA,NA,140794000,89281000,33531000,62879000,61146000,22158000,10.3552622422232
